timestamp, pstate, utilization.gpu [%], utilization.memory [%], memory.used [MiB], clocks.current.sm [MHz], power.draw [W]
2026/04/08 09:15:55.759, P8, 0 %, 0 %, 1 MiB, 210 MHz, 23.95 W
2026/04/08 09:15:55.866, P8, 0 %, 0 %, 1 MiB, 210 MHz, 23.95 W
2026/04/08 09:15:55.966, P8, 0 %, 0 %, 1 MiB, 210 MHz, 23.95 W
2026/04/08 09:15:56.067, P8, 0 %, 0 %, 1 MiB, 210 MHz, 23.95 W
2026/04/08 09:15:56.167, P8, 0 %, 0 %, 1 MiB, 210 MHz, 23.95 W
2026/04/08 09:15:56.267, P8, 0 %, 0 %, 1 MiB, 210 MHz, 23.95 W
2026/04/08 09:15:56.367, P8, 0 %, 0 %, 1 MiB, 210 MHz, 23.95 W
2026/04/08 09:15:56.467, P8, 0 %, 0 %, 1 MiB, 210 MHz, 23.95 W
2026/04/08 09:15:56.568, P8, 0 %, 0 %, 1 MiB, 210 MHz, 23.95 W
2026/04/08 09:15:56.668, P8, 0 %, 0 %, 1 MiB, 210 MHz, 23.95 W
2026/04/08 09:15:56.768, P8, 0 %, 0 %, 1 MiB, 210 MHz, 23.95 W
2026/04/08 09:15:56.868, P8, 0 %, 0 %, 1 MiB, 210 MHz, 23.95 W
2026/04/08 09:15:56.968, P8, 0 %, 0 %, 1 MiB, 210 MHz, 23.95 W
2026/04/08 09:15:57.069, P8, 0 %, 0 %, 1 MiB, 210 MHz, 23.95 W
2026/04/08 09:15:57.169, P8, 0 %, 0 %, 1 MiB, 210 MHz, 24.01 W
2026/04/08 09:15:57.269, P8, 0 %, 0 %, 1 MiB, 210 MHz, 24.01 W
2026/04/08 09:15:57.369, P8, 0 %, 0 %, 1 MiB, 210 MHz, 24.01 W
2026/04/08 09:15:57.469, P8, 0 %, 0 %, 1 MiB, 210 MHz, 24.01 W
2026/04/08 09:15:57.570, P8, 0 %, 0 %, 1 MiB, 210 MHz, 24.01 W
2026/04/08 09:15:57.670, P8, 0 %, 0 %, 1 MiB, 210 MHz, 24.01 W
2026/04/08 09:15:57.770, P8, 0 %, 0 %, 1 MiB, 210 MHz, 24.01 W
2026/04/08 09:15:57.870, P8, 0 %, 0 %, 1 MiB, 210 MHz, 24.01 W
2026/04/08 09:15:57.970, P8, 0 %, 0 %, 1 MiB, 210 MHz, 24.01 W
2026/04/08 09:15:58.071, P8, 0 %, 0 %, 1 MiB, 210 MHz, 24.01 W
2026/04/08 09:15:58.171, P8, 0 %, 0 %, 1 MiB, 210 MHz, 23.99 W
2026/04/08 09:15:58.271, P8, 0 %, 0 %, 1 MiB, 210 MHz, 23.99 W
2026/04/08 09:15:58.371, P8, 0 %, 0 %, 1 MiB, 210 MHz, 23.99 W
2026/04/08 09:15:58.471, P8, 0 %, 0 %, 1 MiB, 210 MHz, 23.99 W
2026/04/08 09:15:58.572, P8, 0 %, 0 %, 1 MiB, 210 MHz, 23.99 W
2026/04/08 09:15:58.672, P8, 0 %, 0 %, 1 MiB, 210 MHz, 23.99 W
2026/04/08 09:15:58.772, P8, 0 %, 0 %, 1 MiB, 210 MHz, 23.99 W
2026/04/08 09:15:58.872, P8, 0 %, 0 %, 1 MiB, 210 MHz, 23.99 W
2026/04/08 09:15:58.972, P8, 0 %, 0 %, 1 MiB, 210 MHz, 23.99 W
2026/04/08 09:15:59.073, P8, 0 %, 0 %, 1 MiB, 210 MHz, 23.99 W
2026/04/08 09:15:59.173, P8, 0 %, 0 %, 1 MiB, 210 MHz, 23.98 W
2026/04/08 09:15:59.273, P8, 0 %, 0 %, 1 MiB, 210 MHz, 23.98 W
2026/04/08 09:15:59.373, P8, 0 %, 0 %, 1 MiB, 210 MHz, 23.98 W
2026/04/08 09:15:59.473, P8, 0 %, 0 %, 1 MiB, 210 MHz, 23.98 W
2026/04/08 09:15:59.574, P8, 0 %, 0 %, 1 MiB, 210 MHz, 23.98 W
2026/04/08 09:15:59.674, P8, 0 %, 0 %, 1 MiB, 210 MHz, 23.98 W
2026/04/08 09:15:59.774, P8, 0 %, 0 %, 1 MiB, 210 MHz, 23.98 W
2026/04/08 09:15:59.874, P8, 0 %, 0 %, 1 MiB, 210 MHz, 23.98 W
2026/04/08 09:15:59.974, P8, 0 %, 0 %, 1 MiB, 210 MHz, 23.98 W
2026/04/08 09:16:00.074, P8, 0 %, 0 %, 1 MiB, 210 MHz, 23.98 W
2026/04/08 09:16:00.175, P8, 0 %, 0 %, 1 MiB, 210 MHz, 23.97 W
2026/04/08 09:16:00.275, P8, 0 %, 0 %, 1 MiB, 210 MHz, 23.97 W
2026/04/08 09:16:00.375, P8, 0 %, 0 %, 1 MiB, 210 MHz, 23.97 W
2026/04/08 09:16:00.475, P8, 0 %, 0 %, 1 MiB, 210 MHz, 23.97 W
2026/04/08 09:16:00.575, P8, 0 %, 0 %, 1 MiB, 210 MHz, 23.97 W
2026/04/08 09:16:00.676, P8, 0 %, 0 %, 1 MiB, 210 MHz, 23.97 W
2026/04/08 09:16:00.776, P8, 0 %, 0 %, 1 MiB, 210 MHz, 23.97 W
2026/04/08 09:16:00.882, P8, 0 %, 0 %, 4 MiB, 210 MHz, 23.97 W
2026/04/08 09:16:00.982, P8, 0 %, 0 %, 21 MiB, 210 MHz, 23.97 W
2026/04/08 09:16:01.083, P8, 0 %, 0 %, 5365 MiB, 1695 MHz, 23.97 W
2026/04/08 09:16:01.183, P2, 0 %, 0 %, 5365 MiB, 1695 MHz, 30.25 W
2026/04/08 09:16:01.283, P2, 0 %, 0 %, 5365 MiB, 1695 MHz, 30.25 W
2026/04/08 09:16:01.384, P2, 0 %, 0 %, 5365 MiB, 1695 MHz, 30.25 W
2026/04/08 09:16:01.484, P2, 0 %, 0 %, 6389 MiB, 1695 MHz, 30.25 W
2026/04/08 09:16:01.584, P2, 0 %, 0 %, 6389 MiB, 1875 MHz, 30.25 W
2026/04/08 09:16:01.684, P2, 0 %, 0 %, 6389 MiB, 1875 MHz, 77.14 W
2026/04/08 09:16:01.784, P2, 100 %, 100 %, 6389 MiB, 1875 MHz, 77.14 W
2026/04/08 09:16:01.885, P2, 100 %, 100 %, 6389 MiB, 1875 MHz, 77.14 W
2026/04/08 09:16:01.985, P2, 100 %, 100 %, 6389 MiB, 1875 MHz, 77.14 W
2026/04/08 09:16:02.085, P2, 100 %, 100 %, 6389 MiB, 1875 MHz, 77.14 W
2026/04/08 09:16:02.185, P2, 100 %, 100 %, 6389 MiB, 1875 MHz, 206.86 W
2026/04/08 09:16:02.285, P2, 100 %, 100 %, 6389 MiB, 1875 MHz, 206.86 W
2026/04/08 09:16:02.385, P2, 100 %, 100 %, 6389 MiB, 1875 MHz, 206.86 W
2026/04/08 09:16:02.486, P2, 100 %, 100 %, 6389 MiB, 1875 MHz, 206.86 W
2026/04/08 09:16:02.586, P2, 100 %, 100 %, 6389 MiB, 1860 MHz, 206.86 W
2026/04/08 09:16:02.686, P2, 100 %, 100 %, 6389 MiB, 1860 MHz, 229.47 W
2026/04/08 09:16:02.786, P2, 62 %, 74 %, 6389 MiB, 1860 MHz, 229.47 W
2026/04/08 09:16:02.886, P2, 62 %, 74 %, 6389 MiB, 1860 MHz, 229.47 W
2026/04/08 09:16:02.986, P2, 62 %, 74 %, 1 MiB, 1860 MHz, 229.47 W
2026/04/08 09:16:03.128, P2, 62 %, 74 %, 1 MiB, 1920 MHz, 229.47 W
2026/04/08 09:16:03.228, P0, 62 %, 74 %, 1 MiB, 1920 MHz, 171.50 W
2026/04/08 09:16:03.328, P0, 62 %, 74 %, 1 MiB, 1920 MHz, 171.50 W
2026/04/08 09:16:03.429, P0, 62 %, 74 %, 1 MiB, 1920 MHz, 171.50 W
2026/04/08 09:16:03.529, P0, 62 %, 74 %, 1 MiB, 1920 MHz, 171.50 W
2026/04/08 09:16:03.629, P0, 62 %, 74 %, 1 MiB, 1920 MHz, 171.50 W
2026/04/08 09:16:03.729, P0, 62 %, 74 %, 1 MiB, 1920 MHz, 105.31 W
2026/04/08 09:16:03.829, P0, 0 %, 0 %, 1 MiB, 1920 MHz, 105.31 W
2026/04/08 09:16:03.929, P0, 0 %, 0 %, 1 MiB, 1920 MHz, 105.31 W
2026/04/08 09:16:04.030, P0, 0 %, 0 %, 1 MiB, 1920 MHz, 105.31 W
2026/04/08 09:16:04.130, P0, 0 %, 0 %, 1 MiB, 1920 MHz, 105.31 W
2026/04/08 09:16:04.230, P0, 0 %, 0 %, 1 MiB, 1920 MHz, 82.42 W
2026/04/08 09:16:04.330, P0, 0 %, 0 %, 1 MiB, 1920 MHz, 82.42 W
2026/04/08 09:16:04.430, P0, 0 %, 0 %, 1 MiB, 1920 MHz, 82.42 W
2026/04/08 09:16:04.531, P0, 0 %, 0 %, 1 MiB, 1920 MHz, 82.42 W
2026/04/08 09:16:04.631, P0, 0 %, 0 %, 1 MiB, 1920 MHz, 82.42 W
2026/04/08 09:16:04.731, P0, 0 %, 0 %, 1 MiB, 1920 MHz, 82.42 W
2026/04/08 09:16:04.831, P0, 0 %, 0 %, 1 MiB, 1920 MHz, 82.42 W
2026/04/08 09:16:04.931, P0, 0 %, 0 %, 1 MiB, 1920 MHz, 82.42 W
2026/04/08 09:16:05.031, P0, 0 %, 0 %, 1 MiB, 1920 MHz, 82.42 W
2026/04/08 09:16:05.132, P0, 0 %, 0 %, 1 MiB, 1920 MHz, 82.42 W
2026/04/08 09:16:05.232, P3, 0 %, 0 %, 1 MiB, 1920 MHz, 63.44 W
2026/04/08 09:16:05.332, P3, 0 %, 0 %, 1 MiB, 1920 MHz, 63.44 W
2026/04/08 09:16:05.432, P3, 0 %, 0 %, 1 MiB, 1920 MHz, 63.44 W
2026/04/08 09:16:05.532, P3, 0 %, 0 %, 1 MiB, 1920 MHz, 63.44 W
2026/04/08 09:16:05.632, P3, 0 %, 0 %, 1 MiB, 660 MHz, 63.44 W
2026/04/08 09:16:05.733, P3, 0 %, 0 %, 1 MiB, 660 MHz, 63.44 W
2026/04/08 09:16:05.833, P3, 0 %, 0 %, 1 MiB, 660 MHz, 63.44 W
2026/04/08 09:16:05.933, P3, 0 %, 0 %, 1 MiB, 660 MHz, 63.44 W
2026/04/08 09:16:06.033, P3, 0 %, 0 %, 1 MiB, 660 MHz, 63.44 W
2026/04/08 09:16:06.133, P3, 0 %, 0 %, 1 MiB, 660 MHz, 63.44 W
2026/04/08 09:16:06.234, P3, 0 %, 0 %, 1 MiB, 660 MHz, 52.32 W
2026/04/08 09:16:06.334, P3, 0 %, 0 %, 1 MiB, 660 MHz, 52.32 W
2026/04/08 09:16:06.434, P3, 0 %, 0 %, 1 MiB, 660 MHz, 52.32 W
2026/04/08 09:16:06.534, P3, 0 %, 0 %, 1 MiB, 660 MHz, 52.32 W
2026/04/08 09:16:06.634, P3, 0 %, 0 %, 1 MiB, 420 MHz, 52.32 W
2026/04/08 09:16:06.734, P3, 0 %, 0 %, 1 MiB, 420 MHz, 52.32 W
2026/04/08 09:16:06.835, P3, 0 %, 0 %, 1 MiB, 420 MHz, 52.32 W
2026/04/08 09:16:06.935, P3, 0 %, 0 %, 1 MiB, 420 MHz, 52.32 W
2026/04/08 09:16:07.035, P3, 0 %, 0 %, 1 MiB, 420 MHz, 52.32 W
2026/04/08 09:16:07.135, P3, 0 %, 0 %, 1 MiB, 420 MHz, 52.32 W
2026/04/08 09:16:07.235, P5, 0 %, 0 %, 1 MiB, 420 MHz, 39.56 W
2026/04/08 09:16:07.336, P5, 0 %, 0 %, 1 MiB, 420 MHz, 39.56 W
2026/04/08 09:16:07.436, P5, 0 %, 0 %, 1 MiB, 420 MHz, 39.56 W
2026/04/08 09:16:07.536, P5, 0 %, 0 %, 1 MiB, 420 MHz, 39.56 W
2026/04/08 09:16:07.636, P5, 0 %, 0 %, 1 MiB, 270 MHz, 39.56 W
2026/04/08 09:16:07.736, P5, 0 %, 0 %, 1 MiB, 270 MHz, 39.56 W
2026/04/08 09:16:07.836, P5, 0 %, 0 %, 1 MiB, 270 MHz, 39.56 W
2026/04/08 09:16:07.937, P5, 0 %, 0 %, 1 MiB, 270 MHz, 39.56 W
2026/04/08 09:16:08.037, P5, 0 %, 0 %, 1 MiB, 270 MHz, 39.56 W
2026/04/08 09:16:08.137, P5, 0 %, 0 %, 1 MiB, 270 MHz, 39.56 W
2026/04/08 09:16:08.237, P5, 0 %, 0 %, 1 MiB, 270 MHz, 31.15 W
2026/04/08 09:16:08.337, P5, 0 %, 0 %, 1 MiB, 270 MHz, 31.15 W
2026/04/08 09:16:08.438, P5, 0 %, 0 %, 1 MiB, 270 MHz, 31.15 W
2026/04/08 09:16:08.538, P5, 0 %, 0 %, 1 MiB, 270 MHz, 31.15 W
2026/04/08 09:16:08.638, P5, 0 %, 0 %, 1 MiB, 210 MHz, 31.15 W
2026/04/08 09:16:08.738, P8, 0 %, 0 %, 1 MiB, 210 MHz, 31.15 W
2026/04/08 09:16:08.838, P8, 0 %, 0 %, 1 MiB, 210 MHz, 31.15 W
2026/04/08 09:16:08.938, P8, 0 %, 0 %, 1 MiB, 210 MHz, 31.15 W
2026/04/08 09:16:09.039, P8, 0 %, 0 %, 1 MiB, 210 MHz, 31.15 W
2026/04/08 09:16:09.139, P8, 0 %, 0 %, 1 MiB, 210 MHz, 31.15 W
2026/04/08 09:16:09.239, P8, 0 %, 0 %, 1 MiB, 210 MHz, 25.55 W
